"日付","始値","高値","安値","終値","前日比","出来高","売残","買残"
2016/06/22,1295,1320,1051.7,1120,,473700,,
2016/06/23,1070,1180,1015,1030,,382900,,
2016/06/24,1063.3,1150,875,945,,328300,,
2016/06/27,953.3,1111.7,883.3,1051.7,,216100,,
2016/06/28,1018.3,1141.7,951.7,1073.3,,128900,,
2016/06/29,1100,1151.7,1033.3,1146.7,,126900,,
2016/06/30,1090,1108.3,1041.7,1041.7,,95500,,
2016/07/01,1116.7,1208.3,1071.7,1208.3,,226800,,
2016/07/04,1383.3,1458.3,1335,1458.3,,198100,,
2016/07/05,1550,1688.3,1450,1476.7,,966101,,
2016/07/06,1383.3,1425,1260,1350,,384100,,
2016/07/07,1400,1421.7,1191.7,1205,,142900,,
2016/07/08,1205,1231.7,1121.7,1218.3,,74100,,
2016/07/11,1293.3,1313.3,1235,1261.7,,101700,,
2016/07/12,1258.3,1310,1251.7,1255,,41500,,
2016/07/13,1265,1266.7,1166.7,1206.7,,41000,,
2016/07/14,1225,1241.7,1185,1228.3,,33900,,
2016/07/15,1218.3,1228.3,1191.7,1206.7,,19800,,
2016/07/19,1166.7,1166.7,1100,1146.7,,28700,,
2016/07/20,1135,1143.3,1100,1131.7,,14600,,
2016/07/21,1148.3,1171.7,1133.3,1163.3,,15700,,
2016/07/22,1156.7,1216.7,1148.3,1216.7,,24500,,
2016/07/25,1228.3,1255,1170,1175,,32700,,
2016/07/26,1150,1151.7,1120,1121.7,,14300,,
2016/07/27,1140,1158.3,1118.3,1136.7,,8100,,
2016/07/28,1136.7,1155,1076.7,1080,,14400,,
2016/07/29,1046.7,1128.3,1010,1118.3,,15200,,
2016/08/01,1101.7,1145,1100,1140,,10500,,
2016/08/02,1123.3,1136.7,1108.3,1111.7,,7700,,
2016/08/03,1095,1110,1053.3,1085,,11700,,
2016/08/04,1085,1091.7,1058.3,1076.7,,4600,,
2016/08/05,1066.7,1083.3,1060,1063.3,,6200,,
2016/08/08,1090,1090,1035,1035,,6300,,
2016/08/09,1036.7,1066.7,1036.7,1043.3,,3800,,
2016/08/10,1060,1065,1040,1045,,3000,,
2016/08/12,1041.7,1060,1035,1046.7,,2400,,
2016/08/15,1050,1191.7,1050,1121.7,,38700,,
2016/08/16,1128.3,1255,1128.3,1151.7,,76000,,
2016/08/17,1151.7,1168.3,1108.3,1128.3,,15500,,
2016/08/18,1125,1125,1093.3,1093.3,,6200,,
2016/08/19,1116.7,1136.7,1103.3,1130,,6900,,
2016/08/22,1146.7,1175,1130,1151.7,,10100,,
2016/08/23,1150,1183.3,1133.3,1170,,13200,,
2016/08/24,1180,1190,1140,1158.3,,8600,,
2016/08/25,1163.3,1208.3,1163.3,1208.3,,14100,,
2016/08/26,1203.3,1216.7,1133.3,1151.7,,20900,,
2016/08/29,1143.3,1158.3,1136.7,1140,,7000,,
2016/08/30,1140,1196.7,1133.3,1171.7,,8900,,
2016/08/31,1151.7,1186.7,1148.3,1148.3,,7100,,
2016/09/01,1141.7,1175,1133.3,1143.3,,7700,,
2016/09/02,1135,1156.7,1116.7,1118.3,,13100,,
2016/09/05,1118.3,1146.7,1065,1085,,10300,,
2016/09/06,1085,1115,1085,1100,,4700,,
2016/09/07,1116.7,1121.7,1105,1108.3,,3500,,
2016/09/08,1125,1125,1105,1111.7,,2600,,
2016/09/09,1111.7,1128.3,1106.7,1115,,4300,,
2016/09/12,1116.7,1145,1116.7,1138.3,,4800,,
2016/09/13,1125,1155,1125,1128.3,,5600,,
2016/09/14,1145,1145,1096.7,1116.7,,8100,,
2016/09/15,1093.3,1100,1066.7,1075,,8000,,
2016/09/16,1075,1110,1075,1105,,7500,,
2016/09/20,1115,1120,1085,1085,,3700,,
2016/09/21,1101.7,1138.3,1090,1121.7,,9500,,
2016/09/23,1138.3,1195,1116.7,1183.3,,20600,,
2016/09/26,1208.3,1231.7,1180,1206.7,,25500,,
2016/09/27,1196.7,1208.3,1180,1208.3,,8200,,
2016/09/28,1193.3,1205,1183.3,1195,,11500,,
2016/09/29,1201.7,1283.3,1195,1283.3,,53800,,
2016/09/30,1300,1390,1291.7,1298.3,,213000,,
2016/10/03,1316.7,1323.3,1246.7,1251.7,,42200,,
2016/10/04,1250,1313.3,1233.3,1300,,48500,,
2016/10/05,1286.7,1313.3,1286.7,1311.7,,15600,,
2016/10/06,1316.7,1318.3,1290,1310,,21400,,
2016/10/07,1308.3,1308.3,1291.7,1305,,10100,,
2016/10/11,1305,1363.3,1295,1353.3,,41900,,
2016/10/12,1333.3,1438.3,1333.3,1396.7,,56700,,
2016/10/13,1433.3,1528.3,1415,1493.3,,80200,,
2016/10/14,1476.7,1511.7,1431.7,1451.7,,35100,,
2016/10/17,1500,1701.7,1495,1701.7,,205900,,
2016/10/18,1851.7,1978.3,1610,1635,,436000,,
2016/10/19,1725,1885,1708.3,1885,,102400,,
2016/10/20,1973.3,2013.3,1778.3,1916.7,,301800,,
2016/10/21,1991.7,2116.7,1925,2046.7,,335300,,
2016/10/24,2033.3,2033.3,1878.3,1891.7,,105400,,
2016/10/25,1840,1981.7,1808.3,1871.7,,110800,,
2016/10/26,1866.7,1948.3,1865,1905,,66100,,
2016/10/27,1933.3,2095,1903.3,2066.7,,159900,,
2016/10/28,2133.3,2240,2116.7,2205,,252700,,
2016/10/31,2171.7,2180,2066.7,2098.3,,78200,,
2016/11/01,2111.7,2173.3,2063.3,2146.7,,75500,,
2016/11/02,2096.7,2155,2073.3,2093.3,,43700,,
2016/11/04,2003.3,2050,1943.3,2008.3,,61400,,
2016/11/07,2058.3,2336.7,2030,2295,,164400,,
2016/11/08,2318.3,2395,2250,2266.7,,165200,,
2016/11/09,2316.7,2338.3,2061.7,2208.3,,115500,,
2016/11/10,2433.3,2708.3,2368.3,2708.3,,174400,,
2016/11/11,3041.7,3300,2751.7,3000,,295700,,
2016/11/14,2866.7,3065,2766.7,2781.7,,164800,,
2016/11/15,2675,2698.3,2510,2578.3,,73400,,
2016/11/16,2511.7,2711.7,2468.3,2585,,70700,,
2016/11/17,2581.7,2635,2505,2600,,25000,,
2016/11/18,2605,2706.7,2605,2648.3,,31100,,
2016/11/21,2700,2945,2658.3,2808.3,,58300,,
2016/11/22,2865,2908.3,2700,2800,,43700,,
2016/11/24,2881.7,2881.7,2761.7,2783.3,,21800,,
2016/11/25,2716.7,2748.3,2566.7,2721.7,,32500,,
2016/11/28,2620,2650,2530,2625,,58500,,
2016/11/29,2565,2740,2555,2575,,48800,,
2016/11/30,2575,2740,2540,2640,,63300,,
2016/12/01,2735,2805,2680,2805,,88300,,
2016/12/02,2835,2965,2835,2900,,149100,,
2016/12/05,2790,2850,2745,2850,,57700,,
2016/12/06,2900,2910,2820,2905,,44300,,
2016/12/07,2900,2995,2900,2990,,69100,,
2016/12/08,3005,3040,2935,3000,,54400,,
2016/12/09,2975,3095,2975,3085,,108900,,
2016/12/12,3215,3585,3090,3300,,523100,,
2016/12/13,3225,3320,3125,3145,,111000,,
2016/12/14,3115,3120,3020,3035,,81000,,
2016/12/15,3030,3145,3025,3045,,46100,,
2016/12/16,3075,3125,2700,2730,,176900,,
2016/12/19,2720,2725,2555,2605,,104900,,
2016/12/20,2505,2600,2500,2550,,49500,,
2016/12/21,2580,2890,2580,2625,,182800,,
2016/12/22,2575,2635,2535,2540,,54500,,
2016/12/26,2575,2745,2560,2665,,75200,,
2016/12/27,2770,2800,2615,2615,,88500,,
2016/12/28,2575,2715,2530,2610,,43700,,
2016/12/29,2610,2625,2545,2555,,31900,,
2016/12/30,2555,2585,2545,2570,,21200,,
2017/01/04,2555,2605,2545,2555,,25200,,
2017/01/05,2550,2595,2525,2575,,32600,,
2017/01/06,2555,2570,2475,2505,,56700,,
2017/01/10,2550,2565,2515,2540,,25500,,
2017/01/11,2550,2550,2510,2510,,18000,,
2017/01/12,2510,2520,2380,2392.5,,59300,,
2017/01/13,2385,2385,2307.5,2335,,51100,,
2017/01/16,2312.5,2422.5,2307.5,2315,,38400,,
2017/01/17,2315,2375,2302.5,2302.5,,22000,,
2017/01/18,2307.5,2307.5,2207.5,2272.5,,52000,,
2017/01/19,2270,2445,2270,2392.5,,73400,,
2017/01/20,2425,2450,2392.5,2420,,37900,,
2017/01/23,2420,2477.5,2355,2357.5,,49300,,
2017/01/24,2342.5,2342.5,2257.5,2262.5,,43600,,
2017/01/25,2467.5,2615,2440,2615,,175400,,
2017/01/26,2790,2870,2560,2620,,348200,,
2017/01/27,2620,2620,2490,2510,,79500,,
2017/01/30,2610,2765,2595,2660,,200200,,
2017/01/31,2600,2660,2560,2590,,187900,,
2017/02/01,2570,2570,2490,2505,,87200,,
2017/02/02,2510,2525,2490,2490,,51000,,
2017/02/03,2485,2490,2412.5,2455,,59200,,
2017/02/06,2442.5,2450,2405,2435,,27300,,
2017/02/07,2412.5,2467.5,2410,2450,,25600,,
2017/02/08,2447.5,2450,2400,2410,,29600,,
2017/02/09,2400,2400,2350,2355,,36300,,
2017/02/10,2342.5,2407.5,2342.5,2405,,31000,,
2017/02/13,2415,2432.5,2395,2407.5,,25300,,
2017/02/14,2390,2390,2350,2350,,37400,,
2017/02/15,2350,2370,2342.5,2352.5,,26000,,
2017/02/16,2375,2375,2332.5,2332.5,,26900,,
2017/02/17,2315,2322.5,2277.5,2280,,40500,,
2017/02/20,2280,2337.5,2280,2327.5,,22300,,
2017/02/21,2362.5,2410,2352.5,2387.5,,48900,,
2017/02/22,2400,2417.5,2347.5,2347.5,,34300,,
2017/02/23,2350,2447.5,2342.5,2442.5,,48800,,
2017/02/24,2442.5,2445,2407.5,2440,,34600,,
2017/02/27,2495,2495,2430,2450,,36800,,
2017/02/28,2457.5,2470,2395,2395,,33500,,
2017/03/01,2390,2455,2360,2455,,49000,,
2017/03/02,2475,2665,2455,2665,,223900,,
2017/03/03,2720,2750,2635,2675,,248400,,
2017/03/06,2695,2770,2685,2715,,270500,,
2017/03/07,2750,2750,2555,2585,,140200,,
2017/03/08,2600,2635,2575,2585,,46100,,
2017/03/09,2600,2650,2585,2615,,50800,,
2017/03/10,2640,2640,2565,2595,,43200,,
2017/03/13,2580,2595,2452.5,2465,,62800,,
2017/03/14,2625,2665,2555,2565,,167900,,
2017/03/15,2555,2575,2477.5,2487.5,,64600,,
2017/03/16,2487.5,2620,2482.5,2575,,52000,,
2017/03/17,2575,2600,2520,2525,,33500,,
2017/03/21,2550,2560,2497.5,2497.5,,35100,,
2017/03/22,2462.5,2485,2427.5,2440,,49900,,
2017/03/23,2435,2465,2415,2425,,26000,,
2017/03/24,2427.5,2475,2415,2447.5,,35800,,
2017/03/27,2500,2520,2450,2462.5,,49600,,
2017/03/28,2457.5,2510,2457.5,2472.5,,34200,,
2017/03/29,2510,2510,2450,2510,,58100,,
2017/03/30,2510,2625,2510,2615,,102900,,
2017/03/31,2500,2520,2460,2475,,122700,,
2017/04/03,2500,2515,2412.5,2415,,64100,,
2017/04/04,2410,2410,2255,2290,,96600,,
2017/04/05,2297.5,2325,2235,2250,,54500,,
2017/04/06,2240,2262.5,2210,2212.5,,40500,,
2017/04/07,2237.5,2245,2160,2207.5,,46200,,
2017/04/10,2242.5,2267.5,2227.5,2245,,22300,,
2017/04/11,2225,2225,2167.5,2185,,27700,,
2017/04/12,2160,2162.5,2035,2055,,61500,,
2017/04/13,2000,2072.5,1977.5,2047.5,,43600,,
2017/04/14,2012.5,2120,2002.5,2082.5,,39400,,
2017/04/17,2047.5,2195,2047.5,2167.5,,38300,,
2017/04/18,2237.5,2245,2187.5,2210,,26000,,
2017/04/19,2235,2285,2227.5,2262.5,,31000,,
2017/04/20,2317.5,2330,2292.5,2292.5,,24900,,
2017/04/21,2302.5,2317.5,2257.5,2270,,28000,,
2017/04/24,2250,2275,2220,2225,,23400,,
2017/04/25,2245,2307.5,2240,2302.5,,22000,,
2017/04/26,2345,2355,2322.5,2330,,20400,,
2017/04/27,2350,2360,2337.5,2357.5,,15900,,
2017/04/28,2365,2385,2322.5,2322.5,,25300,,
2017/05/01,2342.5,2345,2315,2335,,16200,,
2017/05/02,2335,2357.5,2332.5,2347.5,,12500,,
2017/05/08,2375,2375,2355,2365,,15700,,
2017/05/09,2375,2425,2367.5,2415,,30800,,
2017/05/10,2420,2480,2420,2462.5,,43300,,
2017/05/11,2480,2482.5,2455,2460,,25600,,
2017/05/12,2470,2470,2400,2420,,24800,,
2017/05/15,2420,2420,2400,2407.5,,14100,,
2017/05/16,2420,2435,2412.5,2422.5,,11000,,
2017/05/17,2425,2432.5,2412.5,2432.5,,13200,,
2017/05/18,2390,2420,2375,2395,,20000,,
2017/05/19,2422.5,2422.5,2395,2397.5,,14100,,
2017/05/22,2407.5,2440,2400,2422.5,,23600,,
2017/05/23,2437.5,2437.5,2405,2422.5,,12000,,
2017/05/24,2417.5,2420,2392.5,2402.5,,24100,,
2017/05/25,2397.5,2400,2377.5,2395,,17500,,
2017/05/26,2392.5,2392.5,2357.5,2362.5,,21900,,
2017/05/29,2395,2397.5,2352.5,2352.5,,18400,,
2017/05/30,2352.5,2365,2305,2347.5,,23400,,
2017/05/31,2347.5,2380,2342.5,2372.5,,24300,,
2017/06/01,2402.5,2495,2392.5,2475,,67900,,
2017/06/02,2495,2500,2455,2487.5,,41800,,
2017/06/05,2625,2625,2515,2535,,145800,,
2017/06/06,2515,2535,2482.5,2495,,57400,,
2017/06/07,2482.5,2525,2427.5,2520,,45500,,
2017/06/08,2515,2520,2480,2492.5,,22500,,
2017/06/09,2515,2515,2465,2490,,31100,,
2017/06/12,2480,2590,2460,2590,,89400,,
2017/06/13,2500,2555,2500,2515,,92200,,
2017/06/14,2515,2520,2490,2490,,43200,,
2017/06/15,2495,2500,2465,2470,,38100,,
2017/06/16,2460,2472.5,2400,2407.5,,62600,,
2017/06/19,2400,2432.5,2400,2420,,35700,,
2017/06/20,2412.5,2420,2385,2400,,63400,,
2017/06/21,2385,2475,2385,2475,,46800,,
2017/06/22,2455,2480,2432.5,2440,,48500,,
2017/06/23,2415,2457.5,2405,2420,,122700,,
2017/06/26,2420,2447.5,2420,2442.5,,32400,,
2017/06/27,2440,2440,2417.5,2420,,42800,,
2017/06/28,2412.5,2440,2412.5,2437.5,,47600,,
2017/06/29,2462.5,2482.5,2430,2477.5,,87600,,
2017/06/30,2415,2425,2385,2395,,106100,,
2017/07/03,2362.5,2375,2315,2315,,98500,,
2017/07/04,2307.5,2310,2255,2267.5,,75900,,
2017/07/05,2260,2262.5,2200,2242.5,,81900,,
2017/07/06,2235,2307.5,2235,2307.5,,47700,,
2017/07/07,2295,2345,2285,2345,,32000,,
2017/07/10,2355,2367.5,2340,2365,,65900,,
2017/07/11,2377.5,2415,2377.5,2392.5,,70300,,
2017/07/12,2400,2405,2370,2375,,35000,,
2017/07/13,2375,2392.5,2345,2350,,36000,,
2017/07/14,2362.5,2392.5,2342.5,2352.5,,57000,,
2017/07/18,2372.5,2375,2315,2320,,38200,,
2017/07/19,2322.5,2337.5,2310,2322.5,,20900,,
2017/07/20,2322.5,2342.5,2315,2322.5,,23500,,
2017/07/21,2337.5,2337.5,2302.5,2305,,25800,,
2017/07/24,2312.5,2335,2292.5,2335,,25600,,
2017/07/25,2327.5,2332.5,2290,2297.5,,51500,,
2017/07/26,2292.5,2310,2290,2302.5,,43200,,
2017/07/27,2312.5,2365,2300,2355,,61200,,
2017/07/28,2372.5,2372.5,2317.5,2350,,103500,,
2017/07/31,2365,2405,2332.5,2372.5,,106000,,
2017/08/01,2352.5,2405,2330,2355,,84800,,
2017/08/02,2335,2357.5,2310,2312.5,,35200,,
2017/08/03,2335,2400,2317.5,2400,,60900,,
2017/08/04,2367.5,2435,2347.5,2435,,59200,,
2017/08/07,2430,2435,2367.5,2370,,30500,,
2017/08/08,2362.5,2390,2305,2315,,54500,,
2017/08/09,2315,2330,2262.5,2277.5,,41200,,
2017/08/10,2260,2292.5,2232.5,2250,,29600,,
2017/08/14,2232.5,2250,2202.5,2242.5,,29900,,
2017/08/15,2270,2270,2232.5,2232.5,,16100,,
2017/08/16,2242.5,2290,2242.5,2255,,35200,,
2017/08/17,2277.5,2277.5,2245,2247.5,,14200,,
2017/08/18,2220,2237.5,2200,2215,,32900,,
2017/08/21,2215,2232.5,2207.5,2215,,11200,,
2017/08/22,2215,2225,2205,2217.5,,16900,,
2017/08/23,2217.5,2225,2207.5,2210,,23500,,
2017/08/24,2240,2252.5,2222.5,2232.5,,25000,,
2017/08/25,2232.5,2237.5,2212.5,2217.5,,22200,,
2017/08/28,2155,2212.5,2155,2195,,70000,,
2017/08/29,2195,2305,2190,2287.5,,51300,,
2017/08/30,2290,2300,2227.5,2250,,31400,,
2017/08/31,2250,2255,2202.5,2212.5,,39300,,
2017/09/01,2205,2257.5,2205,2237.5,,28700,,
2017/09/04,2235,2235,2182.5,2195,,37500,,
2017/09/05,2180,2187.5,2072.5,2095,,73800,,
2017/09/06,2060,2090,2057.5,2072.5,,30300,,
2017/09/07,2080,2090,2055,2060,,26900,,
2017/09/08,2050,2050,1982.5,1990,,66100,,
2017/09/11,2005,2045,2002.5,2022.5,,38400,,
2017/09/12,2020,2072.5,2007.5,2057.5,,37000,,
2017/09/13,2062.5,2090,2050,2075,,33000,,
2017/09/14,2077.5,2120,2077.5,2110,,33500,,
2017/09/15,2122.5,2165,2102.5,2145,,36100,,
2017/09/19,2172.5,2195,2162.5,2177.5,,35200,,
2017/09/20,2250,2280,2202.5,2210,,92100,,
2017/09/21,2210,2227.5,2190,2220,,42100,,
2017/09/22,2220,2245,2165,2207.5,,33200,,
2017/09/25,2242.5,2247.5,2225,2225,,34300,,
2017/09/26,2232.5,2267.5,2195,2262.5,,43100,,
2017/09/27,2285,2307.5,2277.5,2302.5,,43400,,
2017/09/28,2302.5,2305,2270,2287.5,,33600,,
2017/09/29,2322.5,2350,2307.5,2307.5,,86000,,
2017/10/02,2337.5,2337.5,2220,2252.5,,70900,,
2017/10/03,2277.5,2305,2232.5,2305,,52500,,
2017/10/04,2322.5,2322.5,2272.5,2292.5,,31800,,
2017/10/05,2295,2330,2265,2327.5,,45500,,
2017/10/06,2330,2365,2275,2320,,86000,,
2017/10/10,2350,2362.5,2305,2352.5,,37900,,
2017/10/11,2365,2380,2342.5,2360,,38600,,
2017/10/12,2360,2370,2327.5,2352.5,,50000,,
2017/10/13,2345,2460,2345,2450,,191000,,
2017/10/16,2425,2435,2397.5,2410,,39400,,
2017/10/17,2445,2472.5,2430,2460,,95500,,
2017/10/18,2460,2467.5,2425,2425,,28500,,
2017/10/19,2410,2410,2342.5,2355,,38300,,
2017/10/20,2355,2417.5,2325,2407.5,,60400,,
2017/10/23,2427.5,2427.5,2375,2377.5,,33700,,
2017/10/24,2377.5,2457.5,2372.5,2447.5,,61500,,
2017/10/25,2462.5,2462.5,2415,2420,,33300,,
2017/10/26,2407.5,2427.5,2402.5,2412.5,,23000,,
2017/10/27,2407.5,2417.5,2395,2407.5,,30200,,
2017/10/30,2407.5,2440,2407.5,2440,,38600,,
2017/10/31,2442.5,2487.5,2437.5,2485,,78500,,
2017/11/01,2487.5,2490,2467.5,2477.5,,27600,,
2017/11/02,2475,2495,2457.5,2487.5,,67800,,
2017/11/06,2490,2515,2472.5,2480,,58200,,
2017/11/07,2475,2525,2472.5,2520,,75800,,
2017/11/08,2500,2525,2482.5,2510,,48500,,
2017/11/09,2510,2525,2432.5,2475,,48800,,
2017/11/10,2455,2540,2455,2540,,92400,,
2017/11/13,2545,2545,2475,2477.5,,54700,,
2017/11/14,2462.5,2470,2380,2405,,51800,,
2017/11/15,2410,2422.5,2310,2345,,58000,,
2017/11/16,2310,2390,2310,2372.5,,47000,,
2017/11/17,2380,2427.5,2375,2397.5,,54500,,
2017/11/20,2407.5,2447.5,2397.5,2435,,20600,,
2017/11/21,2435,2482.5,2427.5,2462.5,,37000,,
2017/11/22,2495,2530,2490,2520,,79400,,
2017/11/24,2520,2530,2500,2510,,37100,,
2017/11/27,2520,2525,2487.5,2492.5,,25700,,
2017/11/28,2510,2590,2495,2550,,137300,,
2017/11/29,2540,2540,2377.5,2457.5,,92700,,
2017/11/30,2450,2462.5,2435,2450,,58900,,
2017/12/01,2455,2455,2387.5,2407.5,,48400,,
2017/12/04,2390,2422.5,2390,2405,,40200,,
2017/12/05,2387.5,2460,2387.5,2437.5,,50200,,
2017/12/06,2427.5,2490,2427.5,2485,,53300,,
2017/12/07,2472.5,2550,2472.5,2530,,59200,,
2017/12/08,2510,2550,2510,2530,,38100,,
2017/12/11,2545,2570,2515,2560,,53300,,
2017/12/12,2560,2560,2520,2520,,29300,,
2017/12/13,2545,2740,2540,2720,,246500,,
2017/12/14,2750,2785,2655,2670,,97800,,
2017/12/15,2665,2740,2655,2735,,53500,,
2017/12/18,2735,2740,2690,2710,,39400,,
2017/12/19,2745,2810,2725,2790,,90200,,
2017/12/20,2760,2800,2755,2785,,46500,,
2017/12/21,2755,2780,2730,2735,,28500,,
2017/12/22,2715,2770,2685,2750,,36800,,
2017/12/25,2740,2760,2670,2675,,55800,,
2017/12/26,2430,2590,2427.5,2525,,266300,,
2017/12/27,2540,2605,2530,2585,,83200,,
2017/12/28,2615,2655,2590,2615,,40500,,
2017/12/29,2605,2640,2560,2620,,39200,,
2018/01/04,2645,2680,2630,2650,,53700,,
2018/01/05,2670,2700,2650,2660,,32500,,
2018/01/09,2690,2765,2635,2645,,58300,,
2018/01/10,2790,2820,2740,2810,,99500,,
2018/01/11,2850,2940,2850,2855,,116300,,
2018/01/12,2855,2915,2855,2885,,37600,,
2018/01/15,2935,2995,2910,2995,,62500,,
2018/01/16,3000,3045,2935,2970,,68900,,
2018/01/17,2960,3085,2945,3080,,103900,,
2018/01/18,3100,3200,3100,3150,,109400,,
2018/01/19,3065,3225,3030,3215,,73700,,
2018/01/22,3245,3310,3220,3255,,82000,,
2018/01/23,3270,3315,3250,3305,,50400,,
2018/01/24,3295,3325,3275,3275,,37800,,
2018/01/25,3275,3295,3250,3265,,45300,,
2018/01/26,3265,3440,3250,3380,,82600,,
2018/01/29,3430,3440,3330,3390,,55600,,
2018/01/30,3330,3375,3200,3215,,76500,,
2018/01/31,3210,3330,3210,3250,,39300,,
2018/02/01,3290,3410,3280,3395,,46400,,
2018/02/02,3350,3370,3255,3335,,67100,,
2018/02/05,3255,3265,3140,3200,,71800,,
2018/02/06,2910,3105,2805,2930,,79500,,
2018/02/07,3200,3200,2900,2900,,45500,,
2018/02/08,2910,3025,2910,3000,,32600,,
2018/02/09,2800,2970,2785,2915,,42200,,
2018/02/13,2965,3020,2810,2815,,48300,,
2018/02/14,2795,2865,2715,2750,,32800,,
2018/02/15,2770,2885,2755,2860,,20200,,
2018/02/16,2895,2975,2885,2940,,21800,,
2018/02/19,2985,3100,2970,3070,,29000,,
2018/02/20,3095,3160,3040,3065,,29800,,
2018/02/21,3020,3110,3010,3060,,28900,,
2018/02/22,3060,3100,3045,3080,,20500,,
2018/02/23,3085,3150,3070,3120,,30800,,
2018/02/26,3220,3220,3125,3155,,23700,,
2018/02/27,3230,3235,3145,3150,,33200,,
2018/02/28,3140,3310,3125,3295,,52200,,
2018/03/01,3290,3325,3210,3300,,41200,,
2018/03/02,3190,3290,3170,3250,,35500,,
2018/03/05,3250,3295,3145,3200,,26200,,
2018/03/06,3270,3380,3265,3310,,53600,,
2018/03/07,3290,3365,3255,3345,,40300,,
2018/03/08,3375,3470,3340,3420,,67200,,
2018/03/09,3420,3440,3255,3270,,58000,,
2018/03/12,3245,3295,3230,3260,,26800,,
2018/03/13,3240,3345,3240,3340,,22500,,
2018/03/14,3350,3360,3260,3335,,26200,,
2018/03/15,3295,3385,3280,3355,,20100,,
2018/03/16,3355,3465,3310,3440,,38100,,
2018/03/19,3435,3435,3265,3390,,26400,,
2018/03/20,3225,3330,3110,3250,,92600,,
2018/03/22,3280,3320,3225,3245,,46400,,
2018/03/23,3115,3190,3035,3060,,41000,,
2018/03/26,3010,3070,2950,3065,,30000,,
2018/03/27,3120,3235,3085,3165,,48200,,
2018/03/28,3215,3265,3175,3230,,52500,,
2018/03/29,3230,3290,3200,3240,,34300,,
2018/03/30,3275,3315,3255,3290,,29900,,
2018/04/02,3250,3295,3075,3185,,142800,,
2018/04/03,3150,3450,3140,3410,,111500,,
2018/04/04,3450,3450,3355,3425,,34600,,
2018/04/05,3440,3470,3325,3350,,57700,,
2018/04/06,3325,3445,3325,3415,,49500,,
2018/04/09,3445,3600,3405,3425,,117400,,
2018/04/10,3435,3455,3325,3325,,37900,,
2018/04/11,3245,3275,2840,2940,,290000,,
2018/04/12,2940,3195,2915,3195,,130500,,
2018/04/13,3115,3190,3110,3165,,82400,,
2018/04/16,3130,3230,3105,3115,,50700,,
2018/04/17,3265,3390,3195,3265,,236100,,
2018/04/18,3270,3420,3230,3345,,99100,,
2018/04/19,3395,3530,3320,3330,,166800,,
2018/04/20,3380,3720,3365,3635,,281600,,
2018/04/23,3650,3750,3540,3615,,171000,,
2018/04/24,3650,3770,3640,3745,,115000,,
2018/04/25,3680,3795,3600,3645,,99200,,
2018/04/26,3660,3660,3380,3410,,173100,,
2018/04/27,3390,3495,3355,3405,,57000,,
2018/05/01,3400,3490,3370,3455,,35500,,
2018/05/02,3410,3480,3395,3445,,30500,,
2018/05/07,3450,3520,3390,3445,,31100,,
2018/05/08,3410,3505,3410,3485,,27200,,
2018/05/09,3485,3600,3470,3515,,30800,,
2018/05/10,3545,3545,3395,3435,,25900,,
2018/05/11,3450,3545,3450,3540,,38800,,
2018/05/14,3595,3730,3530,3710,,48300,,
2018/05/15,3725,3795,3660,3745,,58100,,
2018/05/16,3735,3775,3675,3735,,31900,,
2018/05/17,3735,3750,3655,3745,,21900,,
2018/05/18,3745,3745,3695,3710,,19900,,
2018/05/21,3710,3920,3710,3875,,74300,,
2018/05/22,3940,4000,3845,3945,,69400,,
2018/05/23,3950,4050,3920,4045,,91600,,
2018/05/24,4055,4260,4005,4220,,95200,,
2018/05/25,4180,4205,4040,4065,,63600,,
2018/05/28,4060,4150,4035,4050,,27000,,
2018/05/29,3980,4010,3910,3970,,78600,,
2018/05/30,3910,3975,3845,3920,,92900,,
2018/05/31,3960,4245,3915,4065,,221900,,
2018/06/01,4015,4120,3980,4010,,80500,,
2018/06/04,4070,4070,3910,3930,,65800,,
2018/06/05,3900,3900,3710,3750,,98400,,
2018/06/06,3765,3765,3665,3705,,66500,,
2018/06/07,3710,3940,3710,3935,,96400,,
2018/06/08,3900,3955,3895,3935,,40000,,
2018/06/11,3970,3990,3805,3860,,61400,,
2018/06/12,3860,3910,3860,3880,,28300,,
2018/06/13,3900,4125,3900,4090,,63500,,
2018/06/14,4070,4140,4050,4140,,40800,,
2018/06/15,4150,4155,4045,4140,,46200,,
2018/06/18,4175,4320,4115,4270,,93900,,
2018/06/19,4410,4435,4285,4400,,117300,,
2018/06/20,4410,4630,4400,4630,,140800,,
2018/06/21,4585,4760,4520,4725,,150700,,
2018/06/22,4680,4770,4575,4715,,81900,,
2018/06/25,4670,4675,4455,4480,,112700,,
2018/06/26,4375,4440,4225,4230,,153100,,
2018/06/27,4265,4490,4265,4440,,86800,,
2018/06/28,4370,4430,4240,4320,,64700,,
2018/06/29,4600,4620,4210,4300,,228300,,
2018/07/02,4310,4330,4115,4125,,106000,,
2018/07/03,4150,4305,4100,4255,,83400,,
2018/07/04,4255,4275,3915,3945,,172300,,
2018/07/05,3875,3985,3730,3750,,135700,,
2018/07/06,3845,3930,3740,3865,,92700,,
2018/07/09,3910,4050,3905,4025,,62900,,
2018/07/10,4165,4175,3915,3915,,102400,,
2018/07/11,3880,3925,3805,3850,,49000,,
2018/07/12,3825,3965,3780,3955,,75100,,
2018/07/13,3995,3995,3910,3925,,110500,,
2018/07/17,3970,3970,3880,3910,,59000,,
2018/07/18,3915,4065,3915,4050,,94100,,
2018/07/19,3930,3985,3840,3895,,246000,,
2018/07/20,3895,4000,3885,3945,,231800,,
2018/07/23,3950,3995,3925,3945,,63900,,
2018/07/24,3960,4090,3955,4035,,151600,,
2018/07/25,4035,4060,3990,4005,,50500,,
2018/07/26,4035,4095,4005,4075,,78900,,
2018/07/27,4090,4185,4080,4185,,88500,,
2018/07/30,4195,4225,4035,4060,,84100,,
2018/07/31,3850,3895,3650,3735,,261000,,
2018/08/01,3775,3800,3700,3775,,60800,,
2018/08/02,3750,3790,3680,3705,,105500,,
2018/08/03,3705,3710,3460,3475,,142800,,
2018/08/06,3420,3420,3270,3280,,139500,,
2018/08/07,3320,3360,3235,3245,,107900,,
2018/08/08,3275,3430,3275,3410,,95200,,
2018/08/09,3405,3450,3320,3330,,75600,,
2018/08/10,3320,3420,3315,3400,,52900,,
2018/08/13,3335,3370,3255,3260,,39600,,
2018/08/14,3310,3410,3300,3405,,43100,,
2018/08/15,3405,3475,3360,3390,,42200,,
2018/08/16,3340,3410,3260,3390,,50800,,
2018/08/17,3375,3415,3300,3365,,79100,,
2018/08/20,3350,3460,3350,3390,,50300,,
2018/08/21,3350,3420,3315,3345,,30300,,
2018/08/22,3345,3455,3345,3440,,42700,,
2018/08/23,3490,3550,3475,3535,,43900,,
2018/08/24,3580,3605,3515,3595,,63200,,
2018/08/27,3615,3840,3600,3780,,139700,,
2018/08/28,3810,3820,3715,3785,,95000,,
2018/08/29,3785,3850,3755,3780,,65000,,
2018/08/30,3800,3820,3705,3780,,73600,,
2018/08/31,3755,3810,3700,3770,,53300,,
2018/09/03,3770,3815,3725,3810,,58000,,
2018/09/04,3800,3880,3790,3845,,46000,,
2018/09/05,3880,3895,3815,3835,,59100,,
2018/09/06,3765,3840,3685,3775,,94600,,
2018/09/07,3755,3875,3740,3820,,84800,,
2018/09/10,3815,3865,3715,3750,,51600,,
2018/09/11,3735,3885,3735,3870,,74800,,
2018/09/12,3835,3850,3730,3740,,84400,,
2018/09/13,3700,3820,3700,3800,,53000,,
2018/09/14,3780,3875,3760,3840,,52300,,
2018/09/18,3815,3870,3715,3855,,84300,,
2018/09/19,3870,3940,3800,3855,,112200,,
2018/09/20,3855,3855,3750,3775,,82700,,
2018/09/21,3790,3810,3610,3685,,452700,,
2018/09/25,3700,3950,3695,3900,,195300,,
2018/09/26,3910,4060,3910,4045,,154800,,
2018/09/27,4080,4175,4020,4130,,215200,,
2018/09/28,4200,4230,3820,3845,,338800,,
2018/10/01,3840,3840,3635,3670,,323000,,
2018/10/02,3710,3715,3625,3670,,165600,,
2018/10/03,3685,3685,3505,3520,,117200,,
2018/10/04,3510,3555,3405,3420,,92500,,
2018/10/05,3410,3505,3340,3360,,89700,,
2018/10/09,3315,3320,3115,3125,,140400,,
2018/10/10,3300,3315,3070,3135,,154200,,
2018/10/11,3000,3125,3000,3105,,111800,,
2018/10/12,3175,3445,3130,3435,,248000,,
2018/10/15,3375,3460,3270,3270,,111000,,
2018/10/16,3245,3360,3125,3210,,113400,,
2018/10/17,3260,3275,3160,3235,,92700,,
2018/10/18,3265,3395,3265,3365,,70400,,
2018/10/19,3300,3365,3235,3350,,38600,,
2018/10/22,3360,3530,3330,3485,,106500,,
2018/10/23,3440,3495,3395,3415,,34100,,
2018/10/24,3425,3465,3300,3345,,31000,,
2018/10/25,3215,3225,3120,3150,,79800,,
2018/10/26,3210,3315,3065,3085,,86800,,
2018/10/29,3055,3110,2962,2985,,73200,,
2018/10/30,2919,3250,2854,3175,,97100,,
2018/10/31,3240,3365,3240,3270,,69400,,
2018/11/01,3145,3190,3100,3115,,84700,,
2018/11/02,3090,3180,3070,3170,,89200,,
2018/11/05,3100,3170,3070,3075,,25700,,
2018/11/06,3085,3085,2978,3020,,33000,,
2018/11/07,3040,3110,3005,3055,,52200,,
2018/11/08,3110,3185,3095,3160,,50300,,
2018/11/09,3170,3205,3090,3100,,41900,,
2018/11/12,3095,3130,3015,3030,,50700,,
2018/11/13,2916,3015,2910,3010,,69200,,
2018/11/14,2980,3030,2885,2887,,58600,,
2018/11/15,2850,2885,2810,2825,,50500,,
2018/11/16,2875,2892,2832,2847,,38600,,
2018/11/19,2806,2877,2800,2840,,36500,,
2018/11/20,2797,2825,2764,2782,,37700,,
2018/11/21,2740,2741,2628,2646,,64300,,
2018/11/22,2696,2713,2630,2701,,58400,,
2018/11/26,2685,2731,2631,2691,,34800,,
2018/11/27,2741,2825,2650,2769,,79000,,
2018/11/28,2819,2939,2798,2895,,65400,,
2018/11/29,2912,3045,2912,2933,,53900,,
2018/11/30,2933,2938,2854,2929,,36700,,
2018/12/03,2980,2995,2890,2961,,22300,,
2018/12/04,2965,3015,2891,2893,,23400,,
2018/12/05,2826,2940,2826,2929,,31700,,
2018/12/06,2860,2866,2710,2754,,64300,,
2018/12/07,2756,2790,2714,2762,,41200,,
2018/12/10,2701,2801,2634,2659,,38000,,
2018/12/11,2659,2698,2554,2572,,53700,,
2018/12/12,2596,2622,2531,2610,,56300,,
2018/12/13,2587,2603,2550,2590,,39500,,
2018/12/14,2590,2593,2491,2511,,68600,,
2018/12/17,2470,2512,2430,2441,,142200,,
2018/12/18,2367,2405,2321,2340,,100700,,
2018/12/19,2341,2428,2261,2382,,86500,,
2018/12/20,2332,2338,2233,2249,,65700,,
2018/12/21,2199,2228,2089,2141,,156600,,
2018/12/25,1884,2168,1884,2064,,171500,,
2018/12/26,1964,1967,1620,1670,,516200,,
2018/12/27,1776,1788,1611,1637,,499100,,
2018/12/28,1650,1674,1581,1596,,259000,,
2019/01/04,1537,1635,1532,1605,,221300,,
2019/01/07,1685,1818,1676,1762,,246800,,
2019/01/08,1750,1803,1730,1755,,143500,,
2019/01/09,1760,1778,1672,1675,,207200,,
2019/01/10,1676,1708,1626,1671,,114400,,
2019/01/11,1671,1722,1642,1696,,153900,,
2019/01/15,1675,1771,1675,1746,,149100,,
2019/01/16,1778,1845,1772,1836,,144500,,
2019/01/17,1857,1925,1840,1918,,170500,,
2019/01/18,1893,2000,1870,1948,,236700,,
2019/01/21,1988,1988,1804,1811,,227900,,
2019/01/22,1850,1890,1818,1872,,123900,,
2019/01/23,1851,1851,1806,1828,,93900,,
2019/01/24,1843,1878,1826,1841,,83600,,
2019/01/25,1845,1914,1837,1859,,110600,,
2019/01/28,1871,1877,1812,1825,,53100,,
2019/01/29,1940,1970,1900,1965,,207500,,
2019/01/30,1960,1960,1865,1887,,131700,,
2019/01/31,1906,2066,1906,2020,,232200,,
2019/02/01,2020,2034,1970,2020,,138000,,
2019/02/04,2045,2113,1977,2092,,170800,,
2019/02/05,2119,2214,2100,2185,,262900,,
2019/02/06,2232,2306,2190,2283,,301700,,
2019/02/07,2270,2291,2131,2143,,334200,,
2019/02/08,2104,2104,1972,1973,,258400,,
2019/02/12,1970,2069,1920,2044,,232300,,
2019/02/13,2080,2112,2046,2065,,117300,,
2019/02/14,2090,2109,2029,2066,,71700,,
2019/02/15,2056,2068,2017,2058,,66400,,
2019/02/18,2098,2145,2094,2111,,92200,,
2019/02/19,2099,2148,2099,2127,,68800,,
2019/02/20,2127,2155,2106,2111,,73200,,
2019/02/21,2115,2120,2071,2104,,67800,,
2019/02/22,2085,2110,2058,2087,,56700,,
2019/02/25,2100,2184,2100,2165,,64900,,
2019/02/26,2199,2199,2101,2142,,75100,,
2019/02/27,2147,2200,2130,2184,,83400,,
2019/02/28,2198,2276,2156,2248,,138200,,
2019/03/01,2239,2270,2206,2237,,104600,,
2019/03/04,2280,2291,2240,2267,,51500,,
2019/03/05,2260,2285,2210,2278,,72500,,
2019/03/06,2271,2271,2210,2228,,93000,,
2019/03/07,2220,2220,2111,2129,,130400,,
2019/03/08,2079,2194,2076,2166,,211600,,
2019/03/11,2165,2250,2120,2160,,90900,,
2019/03/12,2193,2239,2193,2220,,79300,,
2019/03/13,2215,2255,2190,2244,,75800,,
2019/03/14,2250,2277,2209,2221,,69900,,
2019/03/15,2235,2266,2210,2246,,71300,,
2019/03/18,2265,2314,2264,2308,,61000,,
2019/03/19,2330,2340,2278,2325,,95700,,
2019/03/20,2339,2359,2315,2336,,89100,,
2019/03/22,2336,2348,2271,2329,,148500,,
2019/03/25,2250,2269,2209,2268,,108500,,
2019/03/26,2280,2312,2276,2310,,84400,,
2019/03/27,2308,2332,2277,2328,,107600,,
2019/03/28,2300,2380,2298,2380,,230000,,
2019/03/29,2580,2600,2212,2280,,875600,,
2019/04/01,2278,2313,2178,2194,,385900,,
2019/04/02,2186,2202,2010,2026,,335100,,
2019/04/03,2002,2062,1953,2061,,408500,,
2019/04/04,2087,2179,2080,2150,,256200,,
2019/04/05,2140,2140,2079,2117,,190700,,
2019/04/08,2117,2149,2014,2029,,305000,,
2019/04/09,2001,2031,1926,1947,,288800,,
2019/04/10,1925,2005,1912,1986,,108200,,
2019/04/11,1986,2018,1974,1981,,104300,,
2019/04/12,1981,2043,1981,2020,,93500,,
2019/04/15,2030,2087,2024,2079,,140400,,
2019/04/16,2068,2175,2068,2151,,225700,,
2019/04/17,2132,2166,2120,2141,,94700,,
2019/04/18,2168,2205,2131,2134,,120400,,
2019/04/19,2136,2200,2121,2197,,162600,,
2019/04/22,2220,2250,2180,2193,,134600,,
2019/04/23,2200,2220,2121,2126,,86600,,
2019/04/24,2106,2127,2093,2105,,103300,,
2019/04/25,2101,2101,2056,2065,,222800,,
2019/04/26,2064,2064,2003,2014,,97600,,
2019/05/07,2010,2055,1984,2006,,98400,,
2019/05/08,2010,2050,1980,2014,,70600,,
2019/05/09,2001,2004,1928,1930,,97300,,
2019/05/10,1912,1990,1890,1946,,148000,,
2019/05/13,1946,1946,1892,1902,,120600,,
2019/05/14,1810,1837,1791,1800,,234700,,
2019/05/15,1839,1896,1813,1893,,135500,,
2019/05/16,1902,1913,1856,1877,,83500,,
2019/05/17,1917,1948,1897,1909,,50700,,
2019/05/20,1934,1935,1879,1891,,43300,,
2019/05/21,1886,1955,1872,1946,,70500,,
2019/05/22,1944,1990,1931,1949,,53700,,
2019/05/23,1969,1969,1911,1920,,32400,,
2019/05/24,1890,1911,1845,1902,,36400,,
2019/05/27,1920,1968,1909,1968,,46900,,
2019/05/28,1974,1984,1950,1967,,47700,,
2019/05/29,1941,1962,1889,1945,,53300,,
2019/05/30,1930,1966,1907,1935,,41000,,
2019/05/31,1938,1948,1900,1922,,37900,,
2019/06/03,1897,1898,1831,1844,,65200,,
2019/06/04,1839,1903,1831,1887,,63200,,
2019/06/05,1911,1956,1911,1956,,43700,,
2019/06/06,1969,1993,1934,1960,,57000,,
2019/06/07,1950,2052,1925,2052,,105800,,
2019/06/10,2042,2080,2015,2047,,67100,,
2019/06/11,2058,2076,2054,2065,,61800,,
2019/06/12,2069,2153,2069,2135,,89400,,
2019/06/13,2167,2167,2081,2109,,82400,,
2019/06/14,2134,2180,2098,2165,,104000,,
2019/06/17,2168,2170,2123,2131,,50700,,
2019/06/18,2154,2154,2051,2098,,61800,,
2019/06/19,2108,2129,2071,2078,,55300,,
2019/06/20,2070,2127,2052,2121,,52200,,
2019/06/21,2121,2130,2091,2099,,62600,,
2019/06/24,2100,2102,2047,2059,,53000,,
2019/06/25,2047,2088,2032,2053,,58600,,
2019/06/26,2058,2086,2037,2075,,71000,,
2019/06/27,2098,2120,2051,2120,,92000,,
2019/06/28,2135,2150,2008,2017,,252100,,
2019/07/01,1847,2114,1822,2108,,382500,,
2019/07/02,2091,2192,2018,2188,,297700,,
2019/07/03,2188,2190,2078,2095,,258700,,
2019/07/04,2150,2323,2145,2237,,492700,,
2019/07/05,2231,2289,2179,2287,,192900,,
2019/07/08,2300,2330,2280,2307,,159700,,
2019/07/09,2288,2299,2205,2233,,121400,,
2019/07/10,2292,2350,2253,2350,,151800,,
2019/07/11,2350,2417,2342,2347,,119300,,
2019/07/12,2352,2448,2352,2391,,150400,,
2019/07/16,2441,2500,2412,2497,,153900,,
2019/07/17,2478,2568,2459,2561,,144000,,
2019/07/18,2525,2580,2465,2483,,152800,,
2019/07/19,2506,2558,2500,2544,,70200,,
2019/07/22,2575,2597,2422,2474,,188500,,
2019/07/23,2503,2569,2503,2539,,104100,,
2019/07/24,2537,2539,2437,2472,,171000,,
2019/07/25,2499,2548,2462,2499,,84100,,
2019/07/26,2499,2524,2467,2512,,59100,,
2019/07/29,2502,2541,2495,2535,,54500,,
2019/07/30,2553,2584,2504,2580,,95100,,
2019/07/31,2552,2675,2542,2650,,170600,,
2019/08/01,2626,2720,2618,2719,,112000,,
2019/08/02,2669,2669,2561,2609,,206700,,
2019/08/05,2609,2623,2505,2570,,97200,,
2019/08/06,2470,2615,2427,2609,,83100,,
2019/08/07,2645,2709,2619,2655,,114900,,
2019/08/08,2628,2650,2549,2572,,81500,,
2019/08/09,2601,2619,2489,2492,,49800,,
2019/08/13,2467,2506,2412,2500,,59200,,
2019/08/14,2520,2520,2429,2512,,39600,,
2019/08/15,2462,2499,2432,2458,,34100,,
2019/08/16,2481,2610,2459,2555,,88900,,
2019/08/19,2590,2594,2519,2536,,26100,,
2019/08/20,2570,2631,2547,2618,,54600,,
2019/08/21,2600,2621,2560,2594,,32100,,
2019/08/22,2595,2595,2515,2537,,35000,,
2019/08/23,2542,2572,2515,2564,,22500,,
2019/08/26,2486,2531,2467,2515,,29200,,
2019/08/27,2565,2565,2514,2559,,38700,,
2019/08/28,2550,2587,2544,2559,,75400,,
2019/08/29,2546,2584,2514,2565,,55000,,
2019/08/30,2565,2699,2565,2699,,119500,,
2019/09/02,2715,2761,2670,2721,,77800,,
2019/09/03,2722,2769,2702,2760,,82100,,
2019/09/04,2739,2788,2724,2772,,62500,,
2019/09/05,2798,2841,2780,2815,,83600,,
2019/09/06,2815,2815,2644,2677,,183600,,
2019/09/09,2699,2734,2645,2725,,59100,,
2019/09/10,2714,2714,2539,2552,,154800,,
2019/09/11,2550,2578,2530,2560,,85100,,
2019/09/12,2562,2605,2543,2579,,67800,,
2019/09/13,2579,2599,2544,2560,,47200,,
2019/09/17,2559,2642,2523,2630,,59800,,
2019/09/18,2780,2834,2724,2781,,273100,,
2019/09/19,2756,2804,2724,2781,,124300,,
2019/09/20,2791,2872,2791,2840,,108700,,
2019/09/24,2850,2921,2848,2873,,109100,,
2019/09/25,2840,2874,2787,2853,,71400,,
2019/09/26,2859,2902,2815,2825,,60800,,
2019/09/27,2811,2833,2769,2833,,58500,,
2019/09/30,2900,2938,2858,2909,,159500,,
2019/10/01,3220,3410,3120,3395,,607600,,
2019/10/02,3375,3650,3315,3595,,543100,,
2019/10/03,3510,3645,3465,3585,,294400,,
2019/10/04,3635,3635,3510,3575,,156800,,
2019/10/07,3535,3710,3460,3640,,276800,,
2019/10/08,3700,3740,3610,3690,,194100,,
2019/10/09,3660,3665,3585,3610,,120700,,
2019/10/10,3660,3685,3460,3475,,226900,,
2019/10/11,3500,3560,3445,3460,,108800,,
2019/10/15,3460,3495,3370,3370,,119000,,
2019/10/16,3420,3520,3375,3380,,119400,,
2019/10/17,3405,3470,3335,3400,,83400,,
2019/10/18,3440,3495,3365,3485,,73300,,
2019/10/21,3500,3650,3500,3620,,156600,,
2019/10/23,3620,3765,3570,3725,,186200,,
2019/10/24,3750,3815,3670,3705,,129500,,
2019/10/25,3735,3790,3710,3760,,122500,,
2019/10/28,3790,3855,3725,3815,,113500,,
2019/10/29,3810,3965,3800,3920,,155300,,
2019/10/30,3895,3945,3740,3830,,172900,,
2019/10/31,3860,3915,3795,3905,,101200,,
2019/11/01,3890,4070,3830,4065,,192000,,
2019/11/05,4080,4235,4030,4170,,176400,,
2019/11/06,4170,4280,4170,4245,,212700,,
2019/11/07,4220,4270,4170,4240,,102400,,
2019/11/08,4240,4240,4050,4065,,125800,,
2019/11/11,4115,4215,4110,4210,,120300,,
2019/11/12,4230,4360,4215,4340,,144300,,
2019/11/13,4320,4335,4250,4285,,127700,,
2019/11/14,4340,4380,4285,4380,,112100,,
2019/11/15,4355,4540,4340,4490,,149700,,
2019/11/18,4450,4465,4335,4415,,125700,,
2019/11/19,4420,4540,4420,4515,,116900,,
2019/11/20,4470,4525,4435,4500,,96800,,
2019/11/21,4455,4495,4330,4390,,130700,,
2019/11/22,4390,4420,4315,4360,,88700,,
2019/11/25,4380,4435,4320,4330,,73200,,
2019/11/26,4350,4430,4285,4430,,100200,,
2019/11/27,4445,4555,4400,4555,,100900,,
2019/11/28,4585,4595,4445,4460,,93900,,
2019/11/29,4430,4430,4335,4400,,95100,,
2019/12/02,4400,4440,4360,4380,,62300,,
2019/12/03,4310,4430,4285,4385,,66700,,
2019/12/04,4325,4390,4315,4390,,60700,,
2019/12/05,4400,4480,4340,4400,,66900,,
2019/12/06,4370,4420,4355,4380,,40800,,
2019/12/09,4420,4460,4395,4410,,50400,,
2019/12/10,4375,4390,4320,4335,,61300,,
2019/12/11,4320,4320,4180,4205,,99400,,
2019/12/12,4185,4250,4145,4215,,82500,,
2019/12/13,4245,4310,4145,4165,,80400,,
2019/12/16,4130,4225,4095,4180,,68800,,
2019/12/17,4180,4275,4180,4275,,55000,,
2019/12/18,4275,4285,4225,4275,,43500,,
2019/12/19,4260,4355,4260,4325,,63800,,
2019/12/20,4380,4500,4365,4465,,158400,,
2019/12/23,4520,4570,4455,4560,,128200,,
2019/12/24,4630,4710,4585,4685,,200700,,
2019/12/25,5100,5390,4995,5390,,888000,,
2019/12/26,5340,5580,5210,5470,,540800,,
2019/12/27,5440,5550,5400,5490,,181900,,
2019/12/30,5490,5540,5380,5500,,130700,,
2020/01/06,5380,5510,5360,5400,,134500,,
2020/01/07,5510,5620,5500,5540,,140800,,
2020/01/08,5520,5540,5340,5480,,121800,,
2020/01/09,5580,5680,5520,5670,,114500,,
2020/01/10,5690,5700,5510,5530,,149900,,
2020/01/14,5630,5650,5410,5420,,99600,,
2020/01/15,5490,5530,5370,5530,,57100,,
2020/01/16,5440,5540,5370,5370,,81100,,
2020/01/17,5430,5430,5230,5260,,82800,,
2020/01/20,5250,5340,5230,5310,,37200,,
2020/01/21,5340,5500,5330,5500,,89200,,
2020/01/22,5480,5630,5480,5530,,57900,,
2020/01/23,5430,5490,5360,5370,,70100,,
2020/01/24,5370,5480,5340,5440,,48000,,
2020/01/27,5250,5410,5250,5380,,60000,,
2020/01/28,5300,5450,5280,5320,,75500,,
2020/01/29,5290,5290,5000,5000,,126300,,
2020/01/30,4920,5070,4860,4880,,111000,,
2020/01/31,4760,4930,4695,4720,,189000,,
2020/02/03,4615,4770,4585,4665,,139700,,
2020/02/04,4620,4660,4555,4575,,131100,,
2020/02/05,4710,4920,4665,4885,,138500,,
2020/02/06,5060,5190,4965,5160,,126400,,
2020/02/07,5250,5310,5160,5220,,119100,,
2020/02/10,5150,5330,5100,5170,,79100,,
2020/02/12,5270,5340,5200,5320,,55200,,
2020/02/13,5330,5370,5240,5330,,48100,,
2020/02/14,5230,5260,5120,5130,,45000,,
2020/02/17,5000,5100,4925,4980,,79100,,
2020/02/18,4925,4960,4710,4715,,95200,,
2020/02/19,4790,4945,4755,4900,,60500,,
2020/02/20,5030,5040,4725,4730,,85200,,
2020/02/21,4710,4775,4640,4640,,52300,,
2020/02/25,4410,4550,4400,4510,,89000,,
2020/02/26,4455,4530,4390,4400,,87300,,
2020/02/27,4385,4425,4165,4245,,170400,,
2020/02/28,4090,4160,4010,4025,,120300,,
2020/03/02,3980,4325,3975,4235,,144700,,
2020/03/03,4380,4450,4040,4060,,145800,,
2020/03/04,4000,4080,3970,4055,,93400,,
2020/03/05,4125,4130,4005,4010,,85500,,
2020/03/06,3975,4020,3870,3870,,87800,,
2020/03/09,3710,3800,3490,3530,,124600,,
2020/03/10,3390,3765,3290,3735,,176100,,
2020/03/11,3765,3790,3515,3525,,125300,,
2020/03/12,3405,3490,3200,3250,,196300,,
2020/03/13,2980,3140,2876,2979,,217700,,
2020/03/16,3070,3235,2850,2881,,169200,,
2020/03/17,2831,2963,2650,2861,,194500,,
2020/03/18,2896,2980,2554,2565,,240100,,
2020/03/19,2615,2730,2425,2505,,230300,,
2020/03/23,2443,2651,2358,2618,,221900,,
2020/03/24,2930,3025,2804,2949,,495300,,
2020/03/25,3190,3325,3055,3250,,429000,,
2020/03/26,3105,3370,3070,3265,,255400,,
2020/03/27,3365,3485,3315,3435,,218400,,
2020/03/30,3365,3465,3225,3355,,238200,,
2020/03/31,3405,3920,3380,3520,,589400,,
2020/04/01,3660,3810,3285,3340,,419600,,
2020/04/02,3270,3400,3165,3320,,176400,,
2020/04/03,3360,3450,3165,3215,,150500,,
2020/04/06,3240,3470,3165,3430,,153800,,
2020/04/07,3580,3695,3430,3565,,223400,,
2020/04/08,3565,3925,3495,3895,,319100,,
2020/04/09,3940,4055,3805,3845,,251800,,
2020/04/10,3845,3925,3725,3915,,110000,,
2020/04/13,3920,3995,3825,3855,,134000,,
2020/04/14,3895,4045,3765,4045,,147200,,
2020/04/15,4080,4085,3950,4065,,149700,,
2020/04/16,4035,4170,3970,4165,,140700,,
2020/04/17,4145,4285,4105,4255,,133400,,
2020/04/20,4375,4535,4340,4520,,243500,,
2020/04/21,4475,4570,4275,4315,,217200,,
2020/04/22,4210,4235,4025,4190,,149700,,
2020/04/23,4350,4360,4135,4170,,181900,,
2020/04/24,4160,4260,4060,4070,,151500,,
2020/04/27,4180,4200,4040,4100,,124300,,
2020/04/28,4075,4250,4005,4250,,136100,,
2020/04/30,4310,4425,4250,4405,,182000,,
2020/05/01,4345,4350,3985,4025,,332800,,
2020/05/07,4050,4205,4035,4205,,132400,,
2020/05/08,4215,4385,4170,4275,,180200,,
2020/05/11,4400,4410,4280,4360,,127000,,
2020/05/12,4310,4450,4290,4435,,148300,,
2020/05/13,4365,4455,4300,4425,,88700,,
2020/05/14,4425,4425,4195,4210,,125000,,
2020/05/15,4260,4295,4045,4185,,112400,,
2020/05/18,4245,4305,4155,4280,,99100,,
2020/05/19,4385,4410,4305,4410,,95700,,
2020/05/20,4395,4425,4350,4380,,81600,,
2020/05/21,4420,4420,4235,4295,,117600,,
2020/05/22,4310,4390,4195,4370,,130900,,
2020/05/25,4480,4890,4470,4890,,421200,,
2020/05/26,4930,5060,4740,4860,,386300,,
2020/05/27,4900,4900,4740,4860,,166300,,
2020/05/28,4805,4840,4655,4730,,294400,,
2020/05/29,4680,4910,4670,4800,,179900,,
2020/06/01,4870,5110,4815,5050,,227900,,
2020/06/02,5090,5130,4980,5080,,142500,,
2020/06/03,5160,5250,4925,4980,,222700,,
2020/06/04,5020,5070,4905,4970,,130100,,
2020/06/05,4965,4965,4785,4840,,119200,,
2020/06/08,4865,4915,4745,4755,,106700,,
2020/06/09,4755,4995,4720,4990,,129200,,
2020/06/10,4980,5160,4910,5160,,166800,,
2020/06/11,5160,5170,4875,4945,,185500,,
2020/06/12,4700,4900,4630,4840,,157800,,
2020/06/15,4860,4885,4640,4650,,114100,,
2020/06/16,4810,4840,4745,4755,,103600,,
2020/06/17,4795,4800,4695,4695,,99800,,
2020/06/18,4750,4875,4715,4865,,124300,,
2020/06/19,4890,4995,4820,4970,,156200,,
2020/06/22,4950,5090,4855,5040,,148200,,
2020/06/23,5060,5080,4845,4935,,167200,,
2020/06/24,4935,5120,4860,5100,,176500,,
2020/06/25,5000,5180,5000,5100,,155800,,
2020/06/26,5160,5230,5030,5220,,172100,,
2020/06/29,5120,5190,4960,4980,,213200,,
2020/06/30,5250,5540,4735,4810,,745700,,
2020/07/01,4880,5040,4670,4675,,432700,,
2020/07/02,4730,4805,4595,4595,,277400,,
2020/07/03,4620,4890,4565,4865,,243700,,
2020/07/06,4860,5050,4860,4980,,193400,,
2020/07/07,5050,5200,4945,5200,,219800,,
2020/07/08,5200,5290,5140,5170,,121000,,
2020/07/09,5240,5350,5200,5230,,138800,,
2020/07/10,5120,5190,4990,5000,,119500,,
2020/07/13,5080,5110,4965,5060,,73300,,
2020/07/14,4960,4995,4835,4895,,151100,,
2020/07/15,5000,5020,4875,4925,,95600,,
2020/07/16,4995,4995,4775,4810,,131600,,
2020/07/17,4845,4940,4810,4870,,121000,,
2020/07/20,4870,4930,4745,4815,,88500,,
2020/07/21,4825,4870,4735,4800,,165800,,
2020/07/22,4800,4805,4655,4790,,111200,,
2020/07/27,4710,4795,4655,4725,,75300,,
2020/07/28,4660,4745,4540,4555,,192900,,
2020/07/29,4555,4555,4360,4390,,177000,,
2020/07/30,4410,4540,4380,4430,,124100,,
2020/07/31,4425,4655,4400,4615,,199300,,
2020/08/03,4755,4775,4645,4685,,276800,,
2020/08/04,4720,4825,4625,4780,,333900,,
2020/08/05,4720,4825,4695,4765,,103500,,
2020/08/06,4765,4945,4765,4890,,164400,,
2020/08/07,4870,4905,4630,4665,,185100,,
2020/08/11,4695,4770,4650,4750,,88100,,
2020/08/12,4775,4775,4610,4680,,112800,,
2020/08/13,4730,4820,4690,4795,,104100,,
2020/08/14,4790,4840,4750,4810,,82600,,
2020/08/17,4770,4825,4695,4740,,84600,,
2020/08/18,4790,4920,4745,4895,,163900,,
2020/08/19,4930,5020,4830,5020,,189300,,
2020/08/20,4975,4985,4805,4860,,183500,,
2020/08/21,4925,5160,4885,5100,,319300,,
2020/08/24,5150,5230,5030,5100,,166300,,
2020/08/25,5110,5150,5000,5000,,113500,,
2020/08/26,4975,5100,4915,4960,,122800,,
2020/08/27,4980,5040,4940,4970,,203600,,
2020/08/28,4950,4960,4635,4740,,198500,,
2020/08/31,4850,4870,4755,4785,,104800,,
2020/09/01,4790,4935,4790,4925,,86700,,
2020/09/02,4940,4980,4855,4920,,84400,,
2020/09/03,4945,4965,4865,4870,,69100,,
2020/09/04,4750,4830,4705,4725,,129800,,
2020/09/07,4800,4815,4615,4640,,109600,,
2020/09/08,4645,4725,4505,4635,,173300,,
2020/09/09,4515,4585,4470,4570,,142900,,
2020/09/10,4675,4675,4535,4560,,69300,,
2020/09/11,4580,4655,4485,4645,,73300,,
2020/09/14,4700,4700,4580,4650,,96300,,
2020/09/15,4625,4805,4620,4805,,126000,,
2020/09/16,4800,4900,4795,4880,,86200,,
2020/09/17,4880,4915,4800,4890,,97600,,
2020/09/18,4870,5020,4870,5010,,168900,,
2020/09/23,5290,5530,5170,5460,,842000,,
2020/09/24,5450,5610,5360,5420,,391900,,
2020/09/25,5490,5850,5480,5820,,379100,,
2020/09/28,5950,6160,5820,6090,,429400,,
2020/09/29,6070,6170,5860,6120,,222700,,
2020/09/30,6200,6330,6110,6150,,347000,,
2020/10/02,5750,6370,5730,6120,,640300,,
2020/10/05,6180,6220,5870,6050,,268200,,
2020/10/06,6050,6210,5930,5990,,257600,,
2020/10/07,6040,6490,6010,6460,,365900,,
2020/10/08,6520,6650,6350,6560,,245400,,
2020/10/09,6550,6620,6430,6570,,156000,,
2020/10/12,6700,6720,6510,6640,,131500,,
2020/10/13,6660,6670,6550,6580,,79300,,
2020/10/14,6650,6850,6620,6800,,170700,,
2020/10/15,6900,7020,6710,6730,,169400,,
2020/10/16,6770,6770,6480,6570,,190100,,
2020/10/19,6580,6670,6490,6570,,81200,,
2020/10/20,6500,6620,6500,6590,,62900,,
2020/10/21,6540,6600,6420,6440,,84000,,
2020/10/22,6350,6380,6110,6210,,170500,,
2020/10/23,6110,6210,5870,6130,,234000,,
2020/10/26,6330,6510,5950,6040,,253900,,
2020/10/27,5860,6020,5810,5990,,187300,,
2020/10/28,5910,5980,5850,5910,,122600,,
2020/10/29,5800,5900,5660,5880,,168500,,
2020/10/30,5810,5850,5580,5610,,154000,,
2020/11/02,5670,5720,5510,5540,,116100,,
2020/11/04,5680,5700,5540,5690,,146400,,
2020/11/05,5790,6020,5770,5940,,214500,,
2020/11/06,5960,6000,5780,5890,,146100,,
2020/11/09,6090,6260,6030,6230,,191900,,
2020/11/10,6240,6290,5850,5900,,197500,,
2020/11/11,5860,5950,5760,5820,,104600,,
2020/11/12,5990,5990,5800,5820,,86400,,
2020/11/13,5770,5800,5680,5750,,106800,,
2020/11/16,5840,5880,5720,5810,,117100,,
2020/11/17,5770,5860,5550,5650,,120900,,
2020/11/18,5580,5680,5530,5570,,104000,,
2020/11/19,5570,5820,5460,5810,,176800,,
2020/11/20,5840,5930,5730,5880,,105000,,
2020/11/24,5930,6070,5900,6020,,112700,,
2020/11/25,5960,6020,5780,5820,,126300,,
2020/11/26,5920,6020,5850,6020,,103800,,
2020/11/27,6040,6410,5990,6320,,295900,,
2020/11/30,6420,6460,6250,6320,,165300,,
2020/12/01,6400,6490,6260,6400,,141700,,
2020/12/02,6360,6560,6260,6500,,169500,,
2020/12/03,6450,6470,6210,6240,,108900,,
2020/12/04,6200,6280,6140,6230,,60100,,
2020/12/07,6330,6330,5950,6040,,97500,,
2020/12/08,6010,6190,6000,6160,,56300,,
2020/12/09,6080,6160,6010,6050,,57600,,
2020/12/10,6020,6060,5930,5950,,54100,,
2020/12/11,5950,6210,5950,6200,,75900,,
2020/12/14,6140,6210,6050,6080,,66500,,
2020/12/15,6120,6240,5990,6050,,73900,,
2020/12/16,6080,6110,6010,6080,,51100,,
2020/12/17,6080,6230,6080,6230,,63800,,
2020/12/18,6310,6320,6070,6080,,97100,,
2020/12/21,6080,6110,5930,5980,,68300,,
2020/12/22,5920,5930,5700,5700,,100400,,
2020/12/23,5800,6000,5790,6000,,99700,,
2020/12/24,6000,6050,5910,6030,,112000,,
2020/12/25,5250,5460,5080,5290,,589200,,
2020/12/28,5190,5210,4810,4870,,567400,,
2020/12/29,4805,5050,4655,4975,,483700,,
2020/12/30,4915,5200,4900,5120,,264900,,
2021/01/04,5220,5240,4990,5070,,131900,,
2021/01/05,4990,5070,4945,5020,,91900,,
2021/01/06,5030,5170,5000,5000,,89600,,
2021/01/07,4960,5010,4880,4920,,138300,,
2021/01/08,4915,4960,4850,4870,,104100,,
2021/01/12,4820,4820,4650,4695,,179800,,
2021/01/13,4615,4755,4585,4705,,194600,,
2021/01/14,4650,4685,4500,4525,,236200,,
2021/01/15,4590,4760,4510,4685,,190900,,
2021/01/18,4625,4760,4550,4705,,139800,,
2021/01/19,4720,4740,4585,4625,,99000,,
2021/01/20,4600,4635,4540,4550,,88900,,
2021/01/21,4555,4855,4550,4830,,222200,,
2021/01/22,4805,4820,4715,4735,,110500,,
2021/01/25,4785,4795,4650,4755,,105800,,
2021/01/26,4735,4735,4590,4615,,129700,,
2021/01/27,4595,4820,4590,4770,,141700,,
2021/01/28,4700,4725,4605,4685,,154100,,
2021/01/29,4685,4715,4490,4490,,142800,,
2021/02/01,4560,4790,4530,4740,,143700,,
2021/02/02,4800,4855,4725,4840,,104700,,
2021/02/03,4870,4905,4785,4805,,89300,,
2021/02/04,4805,4850,4705,4775,,84400,,
2021/02/05,4775,4925,4770,4875,,133100,,
2021/02/08,4935,4935,4795,4815,,94500,,
2021/02/09,4875,4875,4760,4830,,58200,,
2021/02/10,4830,4830,4730,4750,,50200,,
2021/02/12,4770,4855,4735,4745,,92100,,
2021/02/15,4780,4780,4690,4715,,61800,,
2021/02/16,4705,4840,4685,4805,,69900,,
2021/02/17,4765,4840,4760,4825,,60400,,
2021/02/18,4830,4875,4685,4700,,67700,,
2021/02/19,4660,4755,4630,4735,,68200,,
2021/02/22,4715,4820,4715,4715,,58700,,
2021/02/24,4700,4730,4510,4515,,107200,,
2021/02/25,4560,4600,4500,4525,,67900,,
2021/02/26,4425,4590,4390,4505,,88800,,
2021/03/01,4545,4625,4505,4610,,54100,,
2021/03/02,4595,4650,4515,4625,,56000,,
2021/03/03,4565,4610,4490,4585,,55300,,
2021/03/04,4495,4620,4490,4595,,47900,,
2021/03/05,4525,4560,4400,4550,,89500,,
2021/03/08,4600,4610,4480,4485,,80200,,
2021/03/09,4415,4495,4385,4475,,79900,,
2021/03/10,4440,4515,4310,4310,,159800,,
2021/03/11,4250,4535,4180,4520,,132900,,
2021/03/12,4600,4935,4535,4895,,278400,,
2021/03/15,4825,4950,4795,4890,,149000,,
2021/03/16,4935,5060,4880,5010,,109200,,
2021/03/17,5060,5200,5020,5150,,134700,,
2021/03/18,5200,5330,5180,5270,,143800,,
2021/03/19,5180,5220,5100,5170,,94900,,
2021/03/22,5120,5140,5040,5140,,57000,,
2021/03/23,5280,5310,5010,5020,,79900,,
2021/03/24,4980,4980,4785,4785,,75800,,
2021/03/25,4825,4995,4815,4955,,61700,,
2021/03/26,4905,5040,4890,5020,,56600,,
2021/03/29,5060,5110,4950,5030,,89400,,
2021/03/30,4950,5080,4885,4885,,84600,,
2021/03/31,4560,4585,4395,4415,,497800,,
2021/04/01,4365,4755,4355,4755,,355600,,
2021/04/02,4740,4830,4505,4635,,194400,,
2021/04/05,4695,4705,4535,4545,,78600,,
2021/04/06,4615,4630,4505,4540,,82000,,
2021/04/07,4550,4700,4540,4670,,90300,,
2021/04/08,4630,4750,4565,4725,,74900,,
2021/04/09,4765,4815,4675,4760,,81700,,
2021/04/12,4775,4820,4715,4775,,66500,,
2021/04/13,4800,4925,4775,4890,,78400,,
2021/04/14,4890,5040,4885,4985,,84900,,
2021/04/15,4915,4915,4815,4890,,54400,,
2021/04/16,4945,4975,4885,4895,,58600,,
2021/04/19,4865,5020,4860,4995,,46000,,
2021/04/20,4915,4935,4730,4750,,101500,,
2021/04/21,4680,4710,4505,4525,,146800,,
2021/04/22,4645,4655,4575,4655,,55300,,
2021/04/23,4650,4775,4620,4655,,55700,,
2021/04/26,4725,4760,4645,4730,,45300,,
2021/04/27,4765,4830,4740,4745,,52800,,
2021/04/28,4715,4735,4575,4595,,80700,,
2021/04/30,4635,4665,4555,4585,,52200,,
2021/05/06,4545,4550,4475,4500,,71700,,
2021/05/07,4460,4490,4360,4380,,104500,,
2021/05/10,4350,4350,4230,4280,,181300,,
2021/05/11,4295,4305,4180,4200,,102200,,
2021/05/12,4190,4250,4070,4100,,105800,,
2021/05/13,4030,4095,3950,3990,,107300,,
2021/05/14,4090,4090,3970,4075,,82400,,
2021/05/17,4140,4140,4000,4035,,65500,,
2021/05/18,4005,4170,4005,4115,,78600,,
2021/05/19,4075,4210,4065,4180,,83600,,
2021/05/20,4180,4330,4180,4290,,62300,,
2021/05/21,4325,4340,4260,4265,,46400,,
2021/05/24,4245,4245,4120,4150,,57500,,
2021/05/25,4195,4325,4175,4295,,61900,,
2021/05/26,4280,4310,4195,4195,,45400,,
2021/05/27,4210,4270,4150,4200,,61300,,
2021/05/28,4210,4295,4205,4255,,56000,,
2021/05/31,4265,4280,4190,4200,,30500,,
2021/06/01,4240,4240,4125,4150,,31200,,
2021/06/02,4205,4245,4140,4140,,38100,,
2021/06/03,4200,4230,4115,4210,,42100,,
2021/06/04,4165,4200,4005,4040,,71600,,
2021/06/07,4045,4155,4040,4135,,55800,,
2021/06/08,4110,4165,4080,4150,,35300,,
2021/06/09,4110,4195,4090,4185,,38900,,
2021/06/10,4180,4230,4135,4185,,33100,,
2021/06/11,4215,4285,4195,4255,,66400,,
2021/06/14,4275,4275,4205,4255,,23000,,
2021/06/15,4255,4325,4230,4305,,45900,,
2021/06/16,4290,4320,4225,4320,,25100,,
2021/06/17,4320,4320,4205,4230,,32100,,
2021/06/18,4245,4315,4175,4185,,38700,,
2021/06/21,4165,4165,4100,4130,,31800,,
2021/06/22,4200,4340,4170,4270,,68400,,
2021/06/23,4265,4325,4265,4310,,26400,,
2021/06/24,4295,4315,4260,4275,,34400,,
2021/06/25,4300,4350,4260,4260,,39000,,
2021/06/28,4300,4460,4300,4405,,145900,,
2021/06/29,4470,4520,4365,4385,,104500,,
2021/06/30,4430,4490,4430,4435,,80400,,
2021/07/01,4100,4175,4030,4100,,380700,,
2021/07/02,4040,4165,3930,4160,,174000,,
2021/07/05,4130,4200,4085,4115,,156800,,
2021/07/06,4145,4175,4060,4085,,92500,,
2021/07/07,4070,4070,3995,4025,,79500,,
2021/07/08,4020,4020,3820,3825,,174100,,
2021/07/09,3775,3775,3605,3750,,283200,,
2021/07/12,3820,3855,3750,3780,,115200,,
2021/07/13,3810,3900,3790,3900,,116100,,
2021/07/14,3875,4065,3875,4055,,152800,,
2021/07/15,3985,4000,3890,3920,,91300,,
2021/07/16,3885,3945,3865,3935,,54400,,
2021/07/19,3865,3885,3775,3840,,73200,,
2021/07/20,3835,3905,3790,3845,,77900,,
2021/07/21,3915,3915,3810,3840,,49300,,
2021/07/26,3900,3925,3805,3820,,53000,,
2021/07/27,3810,3820,3775,3800,,61000,,
2021/07/28,3805,3810,3710,3720,,60500,,
2021/07/29,3750,3770,3705,3760,,41700,,
2021/07/30,3755,3755,3630,3665,,51200,,
2021/08/02,3730,3745,3665,3730,,40500,,
2021/08/03,3760,3855,3705,3705,,48500,,
2021/08/04,3665,3685,3615,3630,,36800,,
2021/08/05,3655,3715,3650,3665,,39500,,
2021/08/06,3650,3690,3640,3675,,33000,,
2021/08/10,3680,3815,3675,3785,,54100,,
2021/08/11,3810,3810,3740,3775,,31100,,
2021/08/12,3785,3795,3745,3795,,32200,,
2021/08/13,3815,3910,3815,3870,,76700,,
2021/08/16,3835,3835,3705,3720,,53400,,
2021/08/17,3720,3730,3605,3610,,54300,,
2021/08/18,3600,3700,3590,3700,,37500,,
2021/08/19,3665,3730,3605,3605,,48200,,
2021/08/20,3635,3715,3625,3650,,65600,,
2021/08/23,3660,3755,3660,3755,,32400,,
2021/08/24,3795,3840,3785,3815,,37600,,
2021/08/25,3840,3890,3820,3825,,46100,,
2021/08/26,3825,3870,3825,3870,,31600,,
2021/08/27,3825,3860,3800,3850,,78500,,
2021/08/30,3895,3985,3855,3960,,73600,,
2021/08/31,3960,4110,3955,4075,,80300,,
2021/09/01,4060,4085,4000,4065,,41000,,
2021/09/02,4090,4115,4045,4080,,58900,,
2021/09/03,4050,4105,4030,4070,,46000,,
2021/09/06,4100,4170,4100,4140,,40900,,
2021/09/07,4170,4185,4040,4060,,75100,,
2021/09/08,4095,4160,4090,4160,,49600,,
2021/09/09,4100,4150,4100,4145,,27600,,
2021/09/10,4175,4305,4145,4305,,85000,,
2021/09/13,4300,4350,4245,4325,,69900,,
2021/09/14,4390,4415,4330,4400,,91600,,
2021/09/15,4340,4375,4270,4350,,53400,,
2021/09/16,4395,4425,4310,4355,,61400,,
2021/09/17,4355,4450,4330,4450,,56500,,
2021/09/21,4240,4265,4165,4185,,92000,,
2021/09/22,4195,4255,4165,4185,,58500,,
2021/09/24,4295,4365,4260,4355,,107600,,
2021/09/27,4375,4445,4335,4410,,76200,,
2021/09/28,4430,4430,4315,4330,,103500,,
2021/09/29,4165,4250,4165,4230,,59700,,
2021/09/30,4200,4255,4165,4220,,33800,,
2021/10/01,4160,4200,4105,4155,,41700,,
2021/10/04,4165,4185,4015,4020,,48700,,
2021/10/05,3950,3985,3875,3900,,71400,,
2021/10/06,3960,4025,3900,3915,,53300,,
2021/10/07,3985,4095,3960,4020,,44900,,
2021/10/08,4060,4185,4060,4105,,32500,,
2021/10/11,4075,4205,4045,4195,,28600,,
2021/10/12,4155,4195,4115,4135,,19800,,
2021/10/13,4095,4175,4085,4090,,22200,,
2021/10/14,4100,4190,4065,4175,,33600,,
2021/10/15,4210,4290,4210,4275,,31800,,
2021/10/18,4300,4315,4240,4265,,27600,,
2021/10/19,4265,4335,4240,4335,,26000,,
2021/10/20,4315,4360,4235,4265,,33500,,
2021/10/21,4260,4315,4230,4240,,38100,,
2021/10/22,4240,4260,4205,4230,,31600,,
2021/10/25,4210,4315,4205,4250,,27100,,
2021/10/26,4300,4380,4280,4370,,60000,,
2021/10/27,4325,4360,4315,4350,,21800,,
2021/10/28,4280,4370,4250,4355,,38200,,
2021/10/29,4285,4305,4185,4300,,54700,,
2021/11/01,5000,5000,5000,5000,,65200,,
2021/11/02,5300,5570,5230,5250,,867100,,
2021/11/04,5390,5700,5340,5700,,373800,,
2021/11/05,5600,5750,5480,5630,,183200,,
2021/11/08,5730,5890,5660,5830,,250300,,
2021/11/09,5800,5800,5460,5540,,207000,,
2021/11/10,5440,5700,5420,5650,,129700,,
2021/11/11,5590,5920,5550,5880,,225900,,
2021/11/12,5830,5860,5530,5540,,231700,,
2021/11/15,5670,5790,5610,5690,,140300,,
2021/11/16,5680,5990,5650,5930,,211300,,
2021/11/17,6000,6100,5820,5860,,187300,,
2021/11/18,5810,5900,5710,5850,,125400,,
2021/11/19,5910,5940,5740,5900,,143200,,
2021/11/22,5970,6070,5860,5940,,93500,,
2021/11/24,5840,5870,5710,5780,,127100,,
2021/11/25,5830,6100,5810,6060,,153400,,
2021/11/26,6010,6080,5860,5970,,126300,,
2021/11/29,5770,5910,5580,5610,,175400,,
2021/11/30,5890,5950,5630,5660,,137600,,
2021/12/01,5700,5730,5400,5660,,149200,,
2021/12/02,5530,5620,5110,5130,,300500,,
2021/12/03,5210,5500,5090,5500,,194500,,
2021/12/06,5400,5470,5260,5350,,92900,,
2021/12/07,5540,5710,5480,5710,,118500,,
2021/12/08,5740,5850,5660,5800,,106000,,
2021/12/09,5800,5800,5670,5740,,40000,,
2021/12/10,5640,5740,5470,5520,,106900,,
2021/12/13,5670,5680,5450,5460,,69500,,
2021/12/14,5400,5490,5290,5310,,65600,,
2021/12/15,5300,5510,5280,5430,,62000,,
2021/12/16,5680,5710,5420,5510,,80900,,
2021/12/17,5370,5490,5290,5340,,140200,,
2021/12/20,5260,5340,5140,5160,,98600,,
2021/12/21,5240,5370,5160,5370,,62300,,
2021/12/22,5400,5480,5250,5420,,77600,,
2021/12/23,5400,5450,5340,5370,,28600,,
2021/12/24,5340,5350,5220,5270,,53000,,
2021/12/27,5230,5240,5110,5150,,60200,,
2021/12/28,5240,5320,5160,5320,,108200,,
2021/12/29,5290,5420,5200,5230,,59700,,
2021/12/30,5150,5210,5100,5120,,63900,,
2022/01/04,5200,5230,4970,5010,,117000,,
2022/01/05,4950,4950,4565,4615,,313800,,
2022/01/06,4495,4670,4480,4535,,169400,,
2022/01/07,4630,4715,4520,4660,,118500,,
2022/01/11,4590,4630,4480,4615,,110000,,
2022/01/12,4665,4895,4665,4860,,142800,,
2022/01/13,4795,4830,4660,4670,,73900,,
2022/01/14,4560,4615,4505,4580,,69400,,
2022/01/17,4610,4670,4490,4505,,50500,,
2022/01/18,4435,4665,4420,4510,,87100,,
2022/01/19,4440,4540,4385,4420,,77500,,
2022/01/20,4385,4545,4370,4525,,103300,,
2022/01/21,4410,4555,4340,4520,,119100,,
2022/01/24,4470,4645,4455,4605,,122100,,
2022/01/25,4595,4610,4225,4250,,221800,,
2022/01/26,4320,4470,4270,4435,,108900,,
2022/01/27,4400,4530,4100,4145,,173400,,
2022/01/28,4295,4315,4120,4270,,199900,,
2022/01/31,3995,4510,3980,4420,,380300,,
2022/02/01,4490,4615,4190,4195,,202100,,
2022/02/02,4265,4420,4260,4410,,145100,,
2022/02/03,4350,4385,4200,4230,,87800,,
2022/02/04,4230,4265,4125,4225,,60400,,
2022/02/07,4280,4305,4130,4150,,66400,,
2022/02/08,4175,4255,4125,4185,,70100,,
2022/02/09,4280,4385,4220,4370,,81300,,
2022/02/10,4440,4515,4405,4465,,69400,,
2022/02/14,4395,4395,4240,4280,,64400,,
2022/02/15,4350,4400,4265,4365,,56400,,
2022/02/16,4435,4475,4360,4405,,49000,,
2022/02/17,4430,4525,4380,4420,,69600,,
2022/02/18,4350,4460,4280,4435,,68700,,
2022/02/21,4295,4370,4180,4345,,64400,,
2022/02/22,4255,4420,4240,4320,,48200,,
2022/02/24,4250,4345,4195,4240,,74800,,
2022/02/25,4310,4460,4310,4455,,83400,,
2022/02/28,4460,4480,4375,4445,,73400,,
2022/03/01,4455,4700,4440,4655,,77200,,
2022/03/02,4515,4585,4455,4560,,66300,,
2022/03/03,4580,4715,4580,4645,,63300,,
2022/03/04,4575,4675,4490,4570,,71200,,
2022/03/07,4500,4500,4185,4190,,93500,,
2022/03/08,4085,4170,3970,4005,,93200,,
2022/03/09,4095,4120,3930,3990,,78700,,
2022/03/10,4190,4195,4095,4180,,54500,,
2022/03/11,4050,4135,3985,4040,,62900,,
2022/03/14,4010,4120,3980,3980,,43300,,
2022/03/15,3950,3990,3910,3960,,48700,,
2022/03/16,4050,4050,3910,3975,,91100,,
2022/03/17,4045,4160,4015,4140,,107000,,
2022/03/18,4210,4345,4205,4330,,72200,,
2022/03/22,4440,4455,4370,4405,,58600,,
2022/03/23,4450,4645,4450,4585,,74800,,
2022/03/24,4490,4685,4480,4680,,48200,,
2022/03/25,4640,4650,4565,4615,,37600,,
2022/03/28,4590,4625,4510,4575,,36600,,
2022/03/29,4570,4680,4570,4680,,45800,,
2022/03/30,4680,4850,4680,4835,,63500,,
2022/03/31,4835,4835,4695,4715,,75800,,
2022/04/01,4695,4700,4540,4660,,76300,,
2022/04/04,4710,4760,4635,4700,,42500,,
2022/04/05,4785,4785,4615,4640,,58400,,
2022/04/06,4590,4640,4485,4535,,56600,,
2022/04/07,4485,4485,4355,4355,,52700,,
2022/04/08,4425,4515,4380,4495,,61500,,
2022/04/11,4425,4440,4330,4390,,43300,,
2022/04/12,4355,4455,4320,4320,,32000,,
2022/04/13,4310,4400,4290,4390,,36100,,
2022/04/14,4460,4470,4300,4330,,39100,,
2022/04/15,4270,4305,4205,4290,,23200,,
2022/04/18,4280,4340,4210,4230,,43100,,
2022/04/19,4270,4315,4225,4230,,33600,,
2022/04/20,4300,4330,4220,4220,,31600,,
2022/04/21,4220,4260,4185,4230,,36500,,
2022/04/22,4150,4185,4025,4035,,66800,,
2022/04/25,3905,3975,3900,3950,,79900,,
2022/04/26,4045,4070,4005,4060,,54800,,
2022/04/27,3965,4005,3830,3970,,160300,,
2022/04/28,3800,4020,3795,3975,,153300,,
